{"IcoMoonType":"selection","icons":[{"icon":{"paths":["M1024 590.444l-512-397.426-512 397.428v-162.038l512-397.426 512 397.428zM896 576v384h-256v-256h-256v256h-256v-384l384-288z"],"attrs":[],"isMulticolor":false,"isMulticolor2":false,"tags":["home","house"],"defaultCode":59648,"grid":16},"attrs":[],"properties":{"ligatures":"home, house","name":"home","id":0,"order":15,"prevSize":32,"code":59648},"setIdx":0,"setId":0,"iconIdx":0},{"icon":{"paths":["M512 32l-512 512 96 96 96-96v416h256v-192h128v192h256v-416l96 96 96-96-512-512zM512 448c-35.346 0-64-28.654-64-64s28.654-64 64-64c35.346 0 64 28.654 64 64s-28.654 64-64 64z"],"attrs":[],"isMulticolor":false,"isMulticolor2":false,"tags":["home","house"],"defaultCode":59649,"grid":16},"attrs":[],"properties":{"ligatures":"home2, house2","name":"home2","id":1,"order":16,"prevSize":32,"code":59649},"setIdx":0,"setId":0,"iconIdx":1},{"icon":{"paths":["M1024 608l-192-192v-288h-128v160l-192-192-512 512v32h128v320h320v-192h128v192h320v-320h128z"],"attrs":[],"isMulticolor":false,"isMulticolor2":false,"tags":["home","house"],"defaultCode":59650,"grid":16},"attrs":[],"properties":{"ligatures":"home3, house3","name":"home3","id":2,"order":17,"prevSize":32,"code":59650},"setIdx":0,"setId":0,"iconIdx":2},{"icon":{"paths":["M0 1024h512v-1024h-512v1024zM320 128h128v128h-128v-128zM320 384h128v128h-128v-128zM320 640h128v128h-128v-128zM64 128h128v128h-128v-128zM64 384h128v128h-128v-128zM64 640h128v128h-128v-128zM576 320h448v64h-448zM576 1024h128v-256h192v256h128v-576h-448z"],"attrs":[],"isMulticolor":false,"isMulticolor2":false,"tags":["office","buildings","work"],"defaultCode":59651,"grid":16},"attrs":[],"properties":{"ligatures":"office, buildings","name":"office","id":3,"order":18,"prevSize":32,"code":59651},"setIdx":0,"setId":0,"iconIdx":3},{"icon":{"paths":["M896 256v-128h-896v704c0 35.346 28.654 64 64 64h864c53.022 0 96-42.978 96-96v-544h-128zM832 832h-768v-640h768v640zM128 320h640v64h-640zM512 448h256v64h-256zM512 576h256v64h-256zM512 704h192v64h-192zM128 448h320v320h-320z"],"attrs":[],"isMulticolor":false,"isMulticolor2":false,"tags":["newspaper","news","paper"],"defaultCode":59652,"grid":16},"attrs":[],"properties":{"ligatures":"newspaper, news","name":"newspaper","id":4,"order":19,"prevSize":32,"code":59652},"setIdx":0,"setId":0,"iconIdx":4},{"icon":{"paths":["M864 0c88.364 0 160 71.634 160 160 0 36.020-11.91 69.258-32 96l-64 64-224-224 64-64c26.742-20.090 59.978-32 96-32zM64 736l-64 288 288-64 592-592-224-224-592 592zM715.578 363.578l-448 448-55.156-55.156 448-448 55.156 55.156z"],"attrs":[],"isMulticolor":false,"isMulticolor2":false,"tags":["pencil","write","edit"],"defaultCode":59653,"grid":16},"attrs":[],"properties":{"ligatures":"pencil, write","name":"pencil","id":5,"order":4,"prevSize":32,"code":59653},"setIdx":0,"setId":0,"iconIdx":5},{"icon":{"paths":["M384 640l128-64 448-448-64-64-448 448-64 128zM289.3 867.098c-31.632-66.728-65.666-100.762-132.396-132.394l99.096-272.792 128-77.912 384-384h-192l-384 384-192 640 640-192 384-384v-192l-384 384-77.912 128z"],"attrs":[],"isMulticolor":false,"isMulticolor2":false,"tags":["pencil","write","edit"],"defaultCode":59654,"grid":16},"attrs":[],"properties":{"ligatures":"pencil2, write2","name":"pencil2","id":6,"order":5,"prevSize":32,"code":59654},"setIdx":0,"setId":0,"iconIdx":6},{"icon":{"paths":["M704 640c-64 64-64 128-128 128s-128-64-192-128-128-128-128-192 64-64 128-128-128-256-192-256-192 192-192 192c0 128 131.5 387.5 256 512s384 256 512 256c0 0 192-128 192-192s-192-256-256-192z"],"attrs":[],"isMulticolor":false,"isMulticolor2":false,"tags":["phone","telephone","contact","support","call"],"defaultCode":59714,"grid":16},"attrs":[],"properties":{"ligatures":"phone, telephone","name":"phone","id":66,"order":12,"prevSize":32,"code":59714},"setIdx":0,"setId":0,"iconIdx":66},{"icon":{"paths":["M1017.378 575.994c8.004 55.482 13.216 131.392-11.664 160.446-41.142 48.044-301.712 48.044-301.712-48.042 0-48.398 42.856-80.134 1.712-128.178-40.472-47.262-113.026-48.030-193.714-48.042-80.686 0.012-153.242 0.78-193.714 48.042-41.142 48.046 1.714 79.78 1.714 128.178 0 96.086-260.57 96.086-301.714 48.044-24.878-29.054-19.668-104.964-11.662-160.446 6.16-37.038 21.724-76.996 71.548-127.994 0-0.002 0.002-0.002 0.002-0.004 74.738-69.742 187.846-126.738 429.826-127.968v-0.030c1.344 0 2.664 0.010 4 0.014 1.338-0.004 2.656-0.014 4-0.014v0.028c241.98 1.23 355.088 58.226 429.826 127.968 0.002 0.002 0.002 0.004 0.002 0.004 49.824 50.996 65.39 90.954 71.55 127.994z"],"attrs":[],"isMulticolor":false,"isMulticolor2":false,"tags":["phone-hang-up","telephone","contact","support","call"],"defaultCode":59715,"grid":16},"attrs":[],"properties":{"ligatures":"phone-hang-up, telephone2","name":"phone-hang-up","id":67,"order":13,"prevSize":32,"code":59715},"setIdx":0,"setId":0,"iconIdx":67},{"icon":{"paths":["M320 384h128v128h-128zM512 384h128v128h-128zM704 384h128v128h-128zM128 768h128v128h-128zM320 768h128v128h-128zM512 768h128v128h-128zM320 576h128v128h-128zM512 576h128v128h-128zM704 576h128v128h-128zM128 576h128v128h-128zM832 0v64h-128v-64h-448v64h-128v-64h-128v1024h960v-1024h-128zM896 960h-832v-704h832v704z"],"attrs":[],"isMulticolor":false,"isMulticolor2":false,"tags":["calendar","date","schedule","time","day"],"defaultCode":59731,"grid":16},"attrs":[],"properties":{"ligatures":"calendar, date","name":"calendar","id":83,"order":14,"prevSize":32,"code":59731},"setIdx":0,"setId":0,"iconIdx":83},{"icon":{"paths":["M576 706.612v-52.78c70.498-39.728 128-138.772 128-237.832 0-159.058 0-288-192-288s-192 128.942-192 288c0 99.060 57.502 198.104 128 237.832v52.78c-217.102 17.748-384 124.42-384 253.388h896c0-128.968-166.898-235.64-384-253.388z"],"attrs":[],"isMulticolor":false,"isMulticolor2":false,"tags":["user","profile","avatar","person","member"],"defaultCode":59761,"grid":16},"attrs":[],"properties":{"ligatures":"user, profile2","name":"user","id":113,"order":6,"prevSize":32,"code":59761},"setIdx":0,"setId":0,"iconIdx":113},{"icon":{"paths":["M768 770.612v-52.78c70.498-39.728 128-138.772 128-237.832 0-159.058 0-288-192-288s-192 128.942-192 288c0 99.060 57.502 198.104 128 237.832v52.78c-217.102 17.748-384 124.42-384 253.388h896c0-128.968-166.898-235.64-384-253.388z","M327.196 795.328c55.31-36.15 124.080-63.636 199.788-80.414-15.054-17.784-28.708-37.622-40.492-59.020-30.414-55.234-46.492-116.058-46.492-175.894 0-86.042 0-167.31 30.6-233.762 29.706-64.504 83.128-104.496 159.222-119.488-16.914-76.48-61.94-126.75-181.822-126.75-192 0-192 128.942-192 288 0 99.060 57.502 198.104 128 237.832v52.78c-217.102 17.748-384 124.42-384 253.388h279.006c14.518-12.91 30.596-25.172 48.19-36.672z"],"width":1152,"attrs":[],"isMulticolor":false,"isMulticolor2":false,"tags":["users","group","team","members","community","collaborate"],"defaultCode":59762,"grid":16},"attrs":[],"properties":{"ligatures":"users, group","name":"users","id":114,"order":7,"prevSize":32,"code":59762},"setIdx":0,"setId":0,"iconIdx":114},{"icon":{"paths":["M384 736c0-151.234 95.874-280.486 230.032-330.2 16.28-36.538 25.968-77.164 25.968-117.8 0-159.058 0-288-192-288s-192 128.942-192 288c0 99.060 57.502 198.104 128 237.832v52.78c-217.102 17.748-384 124.42-384 253.388h397.306c-8.664-30.53-13.306-62.732-13.306-96z","M736 448c-159.058 0-288 128.942-288 288s128.942 288 288 288c159.056 0 288-128.942 288-288s-128.942-288-288-288zM896 768h-128v128h-64v-128h-128v-64h128v-128h64v128h128v64z"],"width":1024,"attrs":[],"isMulticolor":false,"isMulticolor2":false,"tags":["user-plus","user","user-add","profile","avatar","person","member"],"defaultCode":59763,"grid":16},"attrs":[],"properties":{"ligatures":"user-plus, user2","name":"user-plus","id":115,"order":8,"prevSize":32,"code":59763},"setIdx":0,"setId":0,"iconIdx":115},{"icon":{"paths":["M384 736c0-151.234 95.874-280.486 230.032-330.2 16.28-36.538 25.968-77.164 25.968-117.8 0-159.058 0-288-192-288s-192 128.942-192 288c0 99.060 57.502 198.104 128 237.832v52.78c-217.102 17.748-384 124.42-384 253.388h397.306c-8.664-30.53-13.306-62.732-13.306-96z","M736 448c-159.058 0-288 128.942-288 288s128.942 288 288 288c159.056 0 288-128.942 288-288s-128.942-288-288-288zM896 768h-320v-64h320v64z"],"width":1024,"attrs":[],"isMulticolor":false,"isMulticolor2":false,"tags":["user-minus","user","user-remove","profile","avatar","person","member"],"defaultCode":59764,"grid":16},"attrs":[],"properties":{"ligatures":"user-minus, user3","name":"user-minus","id":116,"order":9,"prevSize":32,"code":59764},"setIdx":0,"setId":0,"iconIdx":116},{"icon":{"paths":["M960 608l-288 288-96-96-64 64 160 160 352-352z","M448 768h320v-115.128c-67.22-39.2-156.308-66.11-256-74.26v-52.78c70.498-39.728 128-138.772 128-237.832 0-159.058 0-288-192-288s-192 128.942-192 288c0 99.060 57.502 198.104 128 237.832v52.78c-217.102 17.748-384 124.42-384 253.388h448v-64z"],"width":1024,"attrs":[],"isMulticolor":false,"isMulticolor2":false,"tags":["user-check","user","user-tick","profile","avatar","person","member"],"defaultCode":59765,"grid":16},"attrs":[],"properties":{"ligatures":"user-check, user4","name":"user-check","id":117,"order":10,"prevSize":32,"code":59765},"setIdx":0,"setId":0,"iconIdx":117},{"icon":{"paths":["M320 192c0-106.039 85.961-192 192-192s192 85.961 192 192c0 106.039-85.961 192-192 192s-192-85.961-192-192zM768.078 448h-35.424l-199.104 404.244 74.45-372.244-96-96-96 96 74.45 372.244-199.102-404.244h-35.424c-127.924 0-127.924 85.986-127.924 192v320h768v-320c0-106.014 0-192-127.922-192z"],"attrs":[],"isMulticolor":false,"isMulticolor2":false,"tags":["user-tie","user","user-employee","profile","avatar","person","member","job","official"],"defaultCode":59766,"grid":16},"attrs":[],"properties":{"ligatures":"user-tie, user5","name":"user-tie","id":118,"order":11,"prevSize":32,"code":59766},"setIdx":0,"setId":0,"iconIdx":118},{"icon":{"paths":["M704 0c-176.73 0-320 143.268-320 320 0 20.026 1.858 39.616 5.376 58.624l-389.376 389.376v192c0 35.346 28.654 64 64 64h64v-64h128v-128h128v-128h128l83.042-83.042c34.010 12.316 70.696 19.042 108.958 19.042 176.73 0 320-143.268 320-320s-143.27-320-320-320zM799.874 320.126c-53.020 0-96-42.98-96-96s42.98-96 96-96 96 42.98 96 96-42.98 96-96 96z"],"attrs":[],"isMulticolor":false,"isMulticolor2":false,"tags":["key","password","login","signin"],"defaultCode":59789,"grid":16},"attrs":[],"properties":{"ligatures":"key, password","name":"key","id":141,"order":23,"prevSize":32,"code":59789},"setIdx":0,"setId":0,"iconIdx":141},{"icon":{"paths":["M1002.132 314.242l-101.106-101.104c-24.792-24.794-65.37-65.368-90.162-90.164l-101.106-101.104c-24.792-24.794-68.954-29.166-98.13-9.716l-276.438 184.292c-29.176 19.452-40.218 61.028-24.536 92.39l70.486 140.974c2.154 4.306 4.646 8.896 7.39 13.66l-356.53 356.53-32 224h192v-64h128v-128h128v-128h128v-71.186c6.396 3.812 12.534 7.216 18.192 10.044l140.97 70.488c31.366 15.682 72.94 4.638 92.39-24.538l184.294-276.44c19.454-29.172 15.078-73.33-9.714-98.126zM150.628 854.626l-45.254-45.254 311.572-311.57 45.254 45.254-311.572 311.57zM917.020 423.764l-45.256 45.256c-12.446 12.444-32.808 12.444-45.254 0l-271.53-271.53c-12.446-12.444-12.446-32.81 0-45.254l45.256-45.256c12.446-12.444 32.808-12.444 45.254 0l271.53 271.53c12.446 12.444 12.446 32.81 0 45.254z"],"attrs":[],"isMulticolor":false,"isMulticolor2":false,"tags":["key","password","login","signin"],"defaultCode":59790,"grid":16},"attrs":[],"properties":{"ligatures":"key2, password2","name":"key2","id":142,"order":22,"prevSize":32,"code":59790},"setIdx":0,"setId":0,"iconIdx":142},{"icon":{"paths":["M592 448h-16v-192c0-105.87-86.13-192-192-192h-128c-105.87 0-192 86.13-192 192v192h-16c-26.4 0-48 21.6-48 48v480c0 26.4 21.6 48 48 48h544c26.4 0 48-21.6 48-48v-480c0-26.4-21.6-48-48-48zM192 256c0-35.29 28.71-64 64-64h128c35.29 0 64 28.71 64 64v192h-256v-192z"],"attrs":[],"isMulticolor":false,"isMulticolor2":false,"tags":["lock","secure","private","encrypted"],"defaultCode":59791,"grid":16},"attrs":[],"properties":{"ligatures":"lock, secure","name":"lock","id":143,"order":21,"prevSize":32,"code":59791},"setIdx":0,"setId":0,"iconIdx":143},{"icon":{"paths":["M768 64c105.87 0 192 86.13 192 192v192h-128v-192c0-35.29-28.71-64-64-64h-128c-35.29 0-64 28.71-64 64v192h16c26.4 0 48 21.6 48 48v480c0 26.4-21.6 48-48 48h-544c-26.4 0-48-21.6-48-48v-480c0-26.4 21.6-48 48-48h400v-192c0-105.87 86.13-192 192-192h128z"],"attrs":[],"isMulticolor":false,"isMulticolor2":false,"tags":["unlocked","lock-open"],"defaultCode":59792,"grid":16},"attrs":[],"properties":{"ligatures":"unlocked, lock-open","name":"unlocked","id":144,"order":20,"prevSize":32,"code":59792},"setIdx":0,"setId":0,"iconIdx":144},{"icon":{"paths":["M512 1024c282.77 0 512-229.23 512-512s-229.23-512-512-512-512 229.23-512 512 229.23 512 512 512zM512 96c229.75 0 416 186.25 416 416s-186.25 416-416 416-416-186.25-416-416 186.25-416 416-416zM512 598.76c115.95 0 226.23-30.806 320-84.92-14.574 178.438-153.128 318.16-320 318.16-166.868 0-305.422-139.872-320-318.304 93.77 54.112 204.050 85.064 320 85.064zM256 352c0-53.019 28.654-96 64-96s64 42.981 64 96c0 53.019-28.654 96-64 96s-64-42.981-64-96zM640 352c0-53.019 28.654-96 64-96s64 42.981 64 96c0 53.019-28.654 96-64 96s-64-42.981-64-96z"],"attrs":[],"isMulticolor":false,"isMulticolor2":false,"tags":["happy","emoticon","smiley","face"],"defaultCode":59871,"grid":16},"attrs":[],"properties":{"ligatures":"happy, emoticon","name":"happy","id":223,"order":31,"prevSize":32,"code":59871},"setIdx":0,"setId":0,"iconIdx":223},{"icon":{"paths":["M512 1024c282.77 0 512-229.23 512-512s-229.23-512-512-512-512 229.23-512 512 229.23 512 512 512zM512 96c229.75 0 416 186.25 416 416s-186.25 416-416 416-416-186.25-416-416 186.25-416 416-416zM256 320c0-35.346 28.654-64 64-64s64 28.654 64 64c0 35.346-28.654 64-64 64s-64-28.654-64-64zM640 320c0-35.346 28.654-64 64-64s64 28.654 64 64c0 35.346-28.654 64-64 64s-64-28.654-64-64zM319.902 780.74l-82.328-49.396c55.962-93.070 157.916-155.344 274.426-155.344 116.508 0 218.462 62.274 274.426 155.344l-82.328 49.396c-39.174-65.148-110.542-108.74-192.098-108.74-81.558 0-152.924 43.592-192.098 108.74z"],"attrs":[],"isMulticolor":false,"isMulticolor2":false,"tags":["sad","emoticon","smiley","face"],"defaultCode":59877,"grid":16},"attrs":[],"properties":{"ligatures":"sad, emoticon7","name":"sad","id":229,"order":32,"prevSize":32,"code":59877},"setIdx":0,"setId":0,"iconIdx":229},{"icon":{"paths":["M512 1024c282.77 0 512-229.23 512-512s-229.23-512-512-512-512 229.23-512 512 229.23 512 512 512zM512 96c229.75 0 416 186.25 416 416s-186.25 416-416 416-416-186.25-416-416 186.25-416 416-416zM800 256c17.6 0 32 14.4 32 32v96c0 35.2-28.8 64-64 64h-128c-35.2 0-64-28.8-64-64h-128c0 35.2-28.8 64-64 64h-128c-35.2 0-64-28.8-64-64v-96c0-17.6 14.4-32 32-32h192c17.6 0 32 14.4 32 32v32h128v-32c0-17.6 14.4-32 32-32h192zM512 768c93.208 0 174.772-49.818 219.546-124.278l54.88 32.934c-55.966 93.070-157.916 155.344-274.426 155.344-48.458 0-94.384-10.796-135.54-30.082l33.162-55.278c31.354 13.714 65.964 21.36 102.378 21.36z"],"attrs":[],"isMulticolor":false,"isMulticolor2":false,"tags":["cool","emoticon","smiley","face"],"defaultCode":59883,"grid":16},"attrs":[],"properties":{"ligatures":"cool, emoticon13","name":"cool","id":235,"order":33,"prevSize":32,"code":59883},"setIdx":0,"setId":0,"iconIdx":235},{"icon":{"paths":["M512 0c-282.77 0-512 229.23-512 512s229.226 512 512 512c282.77 0 512-229.23 512-512s-229.23-512-512-512zM512 832c-48.458 0-94.384-10.796-135.542-30.082l33.162-55.276c31.356 13.712 65.966 21.358 102.38 21.358 93.208 0 174.772-49.818 219.542-124.278l54.882 32.934c-55.964 93.070-157.914 155.344-274.424 155.344zM832 384c0 35.2-28.8 64-64 64h-128c-35.2 0-64-28.8-64-64h-128c0 35.2-28.8 64-64 64h-128c-35.2 0-64-28.8-64-64v-96c0-17.6 14.4-32 32-32h192c17.6 0 32 14.4 32 32v32h128v-32c0-17.6 14.4-32 32-32h192c17.6 0 32 14.4 32 32v96z"],"attrs":[],"isMulticolor":false,"isMulticolor2":false,"tags":["cool","emoticon","smiley","face"],"defaultCode":59884,"grid":16},"attrs":[],"properties":{"ligatures":"cool2, emoticon14","name":"cool2","id":236,"order":34,"prevSize":32,"code":59884},"setIdx":0,"setId":0,"iconIdx":236},{"icon":{"paths":["M512 1024c282.77 0 512-229.23 512-512s-229.23-512-512-512-512 229.23-512 512 229.23 512 512 512zM512 96c229.75 0 416 186.25 416 416s-186.25 416-416 416-416-186.25-416-416 186.25-416 416-416zM704.098 780.74c-39.174-65.148-110.544-108.74-192.098-108.74-81.556 0-152.924 43.592-192.098 108.74l-82.328-49.396c55.96-93.070 157.916-155.344 274.426-155.344 116.508 0 218.464 62.274 274.426 155.344l-82.328 49.396zM767.042 280.24c4.284 17.144-6.14 34.518-23.282 38.804-17.626 4.45-38.522 12.12-56.936 21.35 10.648 11.43 17.174 26.752 17.174 43.606 0 35.346-28.654 64-64 64s-64-28.654-64-64c0-1.17 0.036-2.33 0.098-3.484 2.032-47.454 45.212-78.946 81.592-97.138 34.742-17.37 69.102-26.060 70.548-26.422 17.146-4.288 34.518 6.138 38.806 23.284zM256.958 280.24c4.288-17.146 21.66-27.572 38.806-23.284 1.446 0.362 35.806 9.052 70.548 26.422 36.38 18.192 79.56 49.684 81.592 97.138 0.062 1.154 0.098 2.314 0.098 3.484 0 35.346-28.654 64-64 64s-64-28.654-64-64c0-16.854 6.526-32.176 17.174-43.606-18.414-9.23-39.31-16.9-56.936-21.35-17.142-4.286-27.566-21.66-23.282-38.804z"],"attrs":[],"isMulticolor":false,"isMulticolor2":false,"tags":["angry","emoticon","smiley","face","rage"],"defaultCode":59885,"grid":16},"attrs":[],"properties":{"ligatures":"angry, emoticon15","name":"angry","id":237,"order":35,"prevSize":32,"code":59885},"setIdx":0,"setId":0,"iconIdx":237},{"icon":{"paths":["M512 32l-480 480h288v512h384v-512h288z"],"attrs":[],"isMulticolor":false,"isMulticolor2":false,"tags":["arrow-up","up","upload","top"],"defaultCode":59954,"grid":16},"attrs":[],"properties":{"ligatures":"arrow-up, up","name":"arrow-up","id":306,"order":25,"prevSize":32,"code":59954},"setIdx":0,"setId":0,"iconIdx":306},{"icon":{"paths":["M288 0l256 256-544 544 224 224 544-544 256 255.998v-735.998h-736z"],"attrs":[],"isMulticolor":false,"isMulticolor2":false,"tags":["arrow-up-right","up-right","arrow-top-right"],"defaultCode":59955,"grid":16},"attrs":[],"properties":{"ligatures":"arrow-up-right, up-right","name":"arrow-up-right","id":307,"order":26,"prevSize":32,"code":59955},"setIdx":0,"setId":0,"iconIdx":307},{"icon":{"paths":["M992 512l-480-480v288h-512v384h512v288z"],"attrs":[],"isMulticolor":false,"isMulticolor2":false,"tags":["arrow-right","right","next"],"defaultCode":59956,"grid":16},"attrs":[],"properties":{"ligatures":"arrow-right, right3","name":"arrow-right","id":308,"order":27,"prevSize":32,"code":59956},"setIdx":0,"setId":0,"iconIdx":308},{"icon":{"paths":["M1024 288l-256 256-544-544-224 224 544 544-255.998 256h735.998v-736z"],"attrs":[],"isMulticolor":false,"isMulticolor2":false,"tags":["arrow-down-right","down-right","arrow-bottom-right"],"defaultCode":59957,"grid":16},"attrs":[],"properties":{"ligatures":"arrow-down-right, down-right","name":"arrow-down-right","id":309,"order":28,"prevSize":32,"code":59957},"setIdx":0,"setId":0,"iconIdx":309},{"icon":{"paths":["M512 992l480-480h-288v-512h-384v512h-288z"],"attrs":[],"isMulticolor":false,"isMulticolor2":false,"tags":["arrow-down","down","download","bottom"],"defaultCode":59958,"grid":16},"attrs":[],"properties":{"ligatures":"arrow-down, down","name":"arrow-down","id":310,"order":24,"prevSize":32,"code":59958},"setIdx":0,"setId":0,"iconIdx":310},{"icon":{"paths":["M736 1024l-256-256 544-544-224-224-544 544-256-255.998v735.998h736z"],"attrs":[],"isMulticolor":false,"isMulticolor2":false,"tags":["arrow-down-left","down-left","arrow-bottom-left"],"defaultCode":59959,"grid":16},"attrs":[],"properties":{"ligatures":"arrow-down-left, down-left","name":"arrow-down-left","id":311,"order":29,"prevSize":32,"code":59959},"setIdx":0,"setId":0,"iconIdx":311},{"icon":{"paths":["M32 512l480 480v-288h512v-384h-512v-288z"],"attrs":[],"isMulticolor":false,"isMulticolor2":false,"tags":["arrow-left","left","previous"],"defaultCode":59960,"grid":16},"attrs":[],"properties":{"ligatures":"arrow-left, left3","name":"arrow-left","id":312,"order":30,"prevSize":32,"code":59960},"setIdx":0,"setId":0,"iconIdx":312}],"height":1024,"metadata":{"name":"icomoon"},"preferences":{"showGlyphs":true,"showQuickUse":true,"showQuickUse2":true,"showSVGs":true,"fontPref":{"prefix":"icon-","metadata":{"fontFamily":"icomoon"},"metrics":{"emSize":1024,"baseline":6.25,"whitespace":50},"embed":false},"imagePref":{"prefix":"icon-","png":true,"useClassSelector":true,"color":0,"bgColor":16777215,"classSelector":".icon","name":"icomoon"},"historySize":50,"showCodes":true,"gridSize":16}}